{"session_durations": [3.329617738723755, 32.68393015861511, 29.5315580368042, 27.603200674057007, 277.34354186058044, 13.46739387512207, 81.76582598686218, 42.126304149627686, 8.214194536209106], "attention_scores": [80.0, 100.0, 100.0, 100.0, null, null, null, null, null]}